,Reviewed,Reviewer,Reviewer2
0,s121037,s120720,s061519
1,s131135,s132458,s072421
2,s121023,s132436,s051154
3,s112213,s113103,s093287
4,s132436,s131845,s062572
5,s102968,s093475,s134986
6,s130672,s083456,s073507
7,s132458,s093054,s094095
8,s082152,s121037,s122521
9,s115020,s102848,s131795
10,s083106,s132573,s101240
11,s103201,s102968,s121107
12,s121039,s131316,s023140
13,s093297,s121035,s132642
14,s102848,s131043,
15,s072662,s082152,
16,s132571,s120921,
17,s052252,s072623,
18,s101605,s083106,
19,s093054,s082933,
20,s022518,s131135,
21,s131038,s125099,
22,s082768,s121039,
23,s125099,s131136,
24,s120720,s112213,
25,s093288,s072159,
26,s092874,s082768,
27,s132438,s132440,
28,s131107,s131310,
29,s131650,s103459,
30,s093672,s022518,
31,s072653,s114503,
32,s102960,s061161,
33,s102105,s103201,
34,s100322,s093288,
35,s131845,s131650,
36,s131316,s083249,
37,s103459,s132803,
38,s132746,s093672,
39,s082940,s131509,
40,s132440,s102105,
41,s112457,s062587,
42,s131136,s131347,
43,s131846,s132571,
44,s131300,s052252,
45,s132199,s100322,
46,s092961,s110848,
47,s130866,s083134,
48,s103182,s132438,
49,s132478,s093297,
50,s113103,s121023,
51,s131347,s131642,
52,s121035,s131107,
53,s072623,s130866,
54,s131509,s112561,
55,s062587,s132746,
56,s132573,s101605,
57,s093063,s130672,
58,s110848,s121078,
59,s114503,s072662,
60,s131043,s102960,
61,s083456,s093063,
62,s093475,s103438,
63,s083249,s131300,
64,s083134,s131846,
65,s103438,s072653,
66,s061161,s092874,
67,s120921,s115020,
68,s072159,s132199,
69,s132803,s131038,
70,s112561,s082940,
71,s103470,s112457,
72,s121078,s103182,
73,s082933,s103470,
74,s131310,s132478,
75,s131642,s092961,
